crop_code;unit_cd;mean_cf_nat;mean_cf1;mean_cf2;mean_cf3;mean_cf4;mean_cf6;mean_cf7;mean_cf12;mean_cf99;note
1;1;1;1;1;1;1;1;1;1;1;
1;2;100;100;100;100;100;100;100;100;100;
1;4;20.8500003814697;20.8500003814697;20.8500003814697;20.8500003814697;20.8500003814697;20.8500003814697;20.8500003814697;20.8500003814697;20.8500003814697;
1;7;8.06799983978271;7.57499980926514;7.61999988555908;8.43000030517578;8.94499969482422;8.06799983978271;8.06799983978271;8.06799983978271;6.82000017166138;
1;9;36.7550010681152;41.5;49.75;58;49.75;49.75;49.75;49.75;49.75;
1;11;0.508000016212463;0.51800000667572;0.490000009536743;0.508000016212463;0.508000016212463;0.508000016212463;0.508000016212463;0.508000016212463;0.508000016212463;
1;12;0.479999989271164;0.479999989271164;0.479999989271164;0.479999989271164;0.479999989271164;0.479999989271164;0.479999989271164;0.479999989271164;0.479999989271164;
1;104;0.830999970436096;0.754999995231628;0.830999970436096;0.819999992847443;0.889999985694885;0.830999970436096;0.813000023365021;0.830999970436096;0.829999983310699;
1;109;0.194999992847443;0.194999992847443;0.194999992847443;0.194999992847443;0.209999993443489;0.194999992847443;0.189999997615814;0.194999992847443;0.194999992847443;
1;115;57.4879989624023;49.5;53.6669998168945;56.7099990844727;64.8000030517578;57.4879989624023;61.5279998779297;57.4879989624023;57.4879989624023;
1;117;0.291999995708466;0.330000013113022;0.254999995231628;0.254999995231628;0.291999995708466;0.291999995708466;0.277999997138977;0.291999995708466;0.291999995708466;
1;119;57.4879989624023;49.5;53.6669998168945;56.7099990844727;64.8000030517578;57.4879989624023;61.5279998779297;57.4879989624023;57.4879989624023;
1;121;1.11199998855591;1.11199998855591;1.11199998855591;1.11199998855591;1.11199998855591;1.11199998855591;1.11199998855591;1.11199998855591;1.11199998855591;Used jog ratio for teff to estimate container CF
1;122;0.0640000030398369;0.0719999969005585;0.0719999969005585;0.0719999969005585;0.0719999969005585;0.0719999969005585;0.0719999969005585;0.0719999969005585;0.0719999969005585;Used jog ratio for teff to estimate container CF
1;123;0.649999976158142;0.564999997615814;0.649999976158142;0.652999997138977;0.632000029087067;0.574999988079071;0.667999982833862;0.649999976158142;0.680000007152557;
2;1;1;1;1;1;1;1;1;1;1;
2;2;100;100;100;100;100;100;100;100;100;
2;4;21.0699996948242;21.0699996948242;21.0699996948242;21;21.0699996948242;21.0699996948242;21.1399993896484;21.0699996948242;21.0699996948242;
2;5;0.340000003576279;0.340000003576279;0.340000003576279;0.340000003576279;0.340000003576279;0.340000003576279;0.340000003576279;0.340000003576279;0.340000003576279;
2;7;10.6169996261597;9.17700004577637;9.04500007629395;10.9040002822876;11.8369998931885;10.6169996261597;10.6169996261597;10.6169996261597;10.6169996261597;
2;9;36.7550010681152;51.5;50.3330001831055;48;50.3330001831055;50.3330001831055;50.3330001831055;50.3330001831055;50.3330001831055;
2;11;0.699999988079071;0.699999988079071;0.699999988079071;0.699999988079071;0.699999988079071;0.699999988079071;0.699999988079071;0.699999988079071;0.699999988079071;
2;12;0.217999994754791;0.217999994754791;0.217999994754791;0.217999994754791;0.209999993443489;0.217999994754791;0.224999994039536;0.217999994754791;0.217999994754791;
2;104;0.987999975681305;0.910000026226044;0.987999975681305;1;0.998000025749207;0.987999975681305;1.00999999046326;0.987999975681305;0.970000028610229;
2;109;0.217999994754791;0.217999994754791;0.217999994754791;0.217999994754791;0.217999994754791;0.217999994754791;0.217999994754791;0.217999994754791;0.217999994754791;
2;115;70.3460006713867;57.75;60.8330001831055;58.8569984436035;72.5;70;82.2310028076172;75.25;70.3460006713867;
2;117;0.34400001168251;0.370000004768372;0.34400001168251;0.310000002384186;0.400000005960464;0.34400001168251;0.324000000953674;0.34400001168251;0.34400001168251;
2;119;70.3460006713867;57.75;60.8330001831055;58.8569984436035;72.5;70;82.2310028076172;75.25;70.3460006713867;
2;121;1.42900002002716;1.42900002002716;1.3400000333786;1.43599998950958;1.42900002002716;1.42900002002716;1.43799996376038;1.42900002002716;1.42900002002716;
2;122;0.0640000030398369;0.0860000029206276;0.0860000029206276;0.0860000029206276;0.0860000029206276;0.0860000029206276;0.0860000029206276;0.0860000029206276;0.0860000029206276;Used jog ratio for teff to estimate container CF
2;123;0.790000021457672;0.720000028610229;0.790000021457672;0.735000014305115;0.787999987602234;0.790000021457672;0.791999995708466;0.790000021457672;0.899999976158142;
3;1;1;1;1;1;1;1;1;1;1;
3;2;100;100;100;100;100;100;100;100;100;
3;7;7.46000003814697;7.59499979019165;6.21999979019165;8.43000030517578;7.46000003814697;7.46000003814697;7.46000003814697;7.46000003814697;7.46000003814697;
3;9;36.7550010681152;47.3819999694824;47.3819999694824;47.3819999694824;47.3819999694824;47.3819999694824;47.3819999694824;47.3819999694824;47.3819999694824;Used jog ratio for teff to estimate container CF
3;11;0.617999970912933;0.660000026226044;0.535000026226044;0.617999970912933;0.617999970912933;0.617999970912933;0.617999970912933;0.617999970912933;0.617999970912933;
3;12;0.208000004291534;0.208000004291534;0.208000004291534;0.208000004291534;0.208000004291534;0.208000004291534;0.208000004291534;0.208000004291534;0.208000004291534;Used jog ratio for teff to estimate container CF
3;104;0.967000007629395;0.954999983310699;0.967000007629395;0.967000007629395;0.875;0.967000007629395;0.889999985694885;0.967000007629395;1.14999997615814;
3;109;0.185000002384186;0.185000002384186;0.185000002384186;0.185000002384186;0.185000002384186;0.185000002384186;0.185000002384186;0.185000002384186;0.185000002384186;
3;115;58.1730003356934;59.25;61.5;50.1879997253418;58.1730003356934;58.1730003356934;58.1730003356934;58.1730003356934;58.1730003356934;
3;117;0.337000012397766;0.337000012397766;0.337000012397766;0.337000012397766;0.337000012397766;0.337000012397766;0.337000012397766;0.337000012397766;0.337000012397766;Used jog ratio for teff to estimate container CF
3;119;58.1730003356934;59.25;61.5;50.1879997253418;58.1730003356934;58.1730003356934;58.1730003356934;58.1730003356934;58.1730003356934;
3;121;1.29499995708466;1.29499995708466;1.29499995708466;1.29499995708466;1.29499995708466;1.29499995708466;1.29499995708466;1.29499995708466;1.29499995708466;Used jog ratio for teff to estimate container CF
3;122;0.0640000030398369;0.0839999988675117;0.0839999988675117;0.0839999988675117;0.0839999988675117;0.0839999988675117;0.0839999988675117;0.0839999988675117;0.0839999988675117;Used jog ratio for teff to estimate container CF
3;123;0.722000002861023;0.75;0.722000002861023;0.75;0.722000002861023;0.722000002861023;0.699999988079071;0.722000002861023;0.722000002861023;
4;1;1;1;1;1;1;1;1;1;1;
4;2;100;100;100;100;100;100;100;100;100;
4;4;21.8799991607666;21.8799991607666;21.8799991607666;21.8799991607666;21.8799991607666;21.8799991607666;21.8799991607666;21.8799991607666;21.8799991607666;
4;7;9.91699981689453;9.91699981689453;9.91699981689453;9.91699981689453;9.91699981689453;9.91699981689453;9.91699981689453;9.91699981689453;9.91699981689453;Used jog ratio for teff to estimate container CF
4;9;36.7550010681152;45.1780014038086;45.1780014038086;45.1780014038086;45.1780014038086;45.1780014038086;45.1780014038086;45.1780014038086;45.1780014038086;Used jog ratio for teff to estimate container CF
4;11;0.495000004768372;0.495000004768372;0.495000004768372;0.495000004768372;0.495000004768372;0.495000004768372;0.495000004768372;0.495000004768372;0.495000004768372;Used jog ratio for teff to estimate container CF
4;12;0.197999998927116;0.197999998927116;0.197999998927116;0.197999998927116;0.197999998927116;0.197999998927116;0.197999998927116;0.197999998927116;0.197999998927116;Used jog ratio for teff to estimate container CF
4;104;0.922999978065491;0.922999978065491;0.922999978065491;0.959999978542328;0.922999978065491;0.922999978065491;0.834999978542328;0.922999978065491;1.05999994277954;
4;109;0.207000002264977;0.207000002264977;0.207000002264977;0.207000002264977;0.207000002264977;0.207000002264977;0.207000002264977;0.207000002264977;0.207000002264977;Used jog ratio for teff to estimate container CF
4;115;54;64;64;50.75;54;54;54;54;54;
4;117;0.321000009775162;0.321000009775162;0.321000009775162;0.321000009775162;0.321000009775162;0.321000009775162;0.321000009775162;0.321000009775162;0.321000009775162;Used jog ratio for teff to estimate container CF
4;119;54;64;64;50.75;54;54;54;54;54;
4;121;1.23399996757507;1.23399996757507;1.23399996757507;1.23399996757507;1.23399996757507;1.23399996757507;1.23399996757507;1.23399996757507;1.23399996757507;Used jog ratio for teff to estimate container CF
4;122;0.0640000030398369;0.0799999982118607;0.0799999982118607;0.0799999982118607;0.0799999982118607;0.0799999982118607;0.0799999982118607;0.0799999982118607;0.0799999982118607;Used jog ratio for teff to estimate container CF
4;123;0.791000008583069;0.791000008583069;0.791000008583069;0.77700001001358;0.791000008583069;0.791000008583069;0.763000011444092;0.791000008583069;0.899999976158142;
5;1;1;1;1;1;1;1;1;1;1;
5;2;100;100;100;100;100;100;100;100;100;
6;1;1;1;1;1;1;1;1;1;1;
6;2;100;100;100;100;100;100;100;100;100;
6;7;10.2600002288818;9.11999988555908;9.11999988555908;10.5799999237061;11.8660001754761;10.2600002288818;10.2600002288818;10.2600002288818;10.2600002288818;
6;9;36.7550010681152;47.6669998168945;47;45;47;47;47;47;47;
6;11;2.04999995231628;2.04999995231628;2.04999995231628;2.04999995231628;2.04999995231628;2.04999995231628;2.04999995231628;2.04999995231628;2.04999995231628;
6;12;0.212999999523163;0.212999999523163;0.212999999523163;0.212999999523163;0.212999999523163;0.212999999523163;0.212999999523163;0.212999999523163;0.212999999523163;Used jog ratio for teff to estimate container CF
6;104;0.99099999666214;0.980000019073486;0.99099999666214;1;0.920000016689301;0.99099999666214;1.0349999666214;0.99099999666214;0.976999998092651;
6;109;0.209999993443489;0.209999993443489;0.209999993443489;0.209999993443489;0.209999993443489;0.209999993443489;0.209999993443489;0.209999993443489;0.209999993443489;
6;115;67.1289978027344;58.5;59.6669998168945;56.75;67.1289978027344;60;72.286003112793;78.125;67.1289978027344;
6;117;0.381000012159348;0.381000012159348;0.381000012159348;0.381000012159348;0.437999993562698;0.363000005483627;0.354000002145767;0.381000012159348;0.381000012159348;
6;119;67.1289978027344;58.5;59.6669998168945;56.75;67.1289978027344;60;72.286003112793;78.125;67.1289978027344;
6;121;1.32599997520447;1.32599997520447;1.32599997520447;1.32599997520447;1.32599997520447;1.32599997520447;1.32599997520447;1.32599997520447;1.32599997520447;Used jog ratio for teff to estimate container CF
6;122;0.0640000030398369;0.0860000029206276;0.0860000029206276;0.0860000029206276;0.0860000029206276;0.0860000029206276;0.0860000029206276;0.0860000029206276;0.0860000029206276;Used jog ratio for teff to estimate container CF
6;123;0.811999976634979;0.811999976634979;0.811999976634979;0.797999978065491;0.699999988079071;0.769999980926514;0.818000018596649;0.699999988079071;0.930000007152557;
7;1;1;1;1;1;1;1;1;1;1;
7;2;100;100;100;100;100;100;100;100;100;
7;7;11.5249996185303;9.80500030517578;9.75;12.6379995346069;11.0349998474121;11.5249996185303;11.5249996185303;11.5249996185303;11.5249996185303;
7;9;36.7550010681152;53;52.5;51;52.5;52.5;52.5;52.5;52.5;
7;11;0.574999988079071;0.574999988079071;0.574999988079071;0.574999988079071;0.574999988079071;0.574999988079071;0.574999988079071;0.574999988079071;0.574999988079071;
7;12;0.230000004172325;0.230000004172325;0.230000004172325;0.230000004172325;0.230000004172325;0.230000004172325;0.230000004172325;0.230000004172325;0.230000004172325;
7;104;1.07200002670288;1.00999999046326;1.07200002670288;1.15499997138977;1.067999958992;1.07200002670288;1.09300005435944;1.07200002670288;1.0349999666214;
7;109;0.239999994635582;0.239999994635582;0.239999994635582;0.239999994635582;0.239999994635582;0.239999994635582;0.239999994635582;0.239999994635582;0.239999994635582;
7;115;71.7129974365234;65.1669998168945;66.8330001831055;65.786003112793;79.1999969482422;71.7129974365234;73.0910034179688;60.25;71.7129974365234;
7;117;0.372999995946884;0.372999995946884;0.344999998807907;0.344999998807907;0.435000002384186;0.372999995946884;0.36599999666214;0.372999995946884;0.372999995946884;
7;119;71.7129974365234;65.1669998168945;66.8330001831055;65.786003112793;79.1999969482422;71.7129974365234;73.0910034179688;60.25;71.7129974365234;
7;121;1.43400001525879;1.43400001525879;1.43400001525879;1.40799999237061;1.43400001525879;1.43400001525879;1.44099998474121;1.43400001525879;1.43400001525879;
7;123;0.860000014305115;0.800000011920929;0.860000014305115;0.824999988079071;0.801999986171722;0.860000014305115;0.875;0.75;0.995000004768372;
8;1;1;1;1;1;1;1;1;1;1;
8;2;100;100;100;100;100;100;100;100;100;
8;4;27.5;27.5;27.5;27.5;27.5;27.5;27.5;27.5;27.5;
8;7;11.1020002365112;9.39000034332275;9.05000019073486;11.9259996414185;11.5550003051758;11.1020002365112;11.1020002365112;11.1020002365112;11.1020002365112;
8;9;36.7550010681152;75.5999984741211;75.5999984741211;75.5999984741211;75.5999984741211;75.5999984741211;75.5999984741211;75.5999984741211;75.5999984741211;
8;11;0.633000016212463;0.626999974250793;0.644999980926514;0.633000016212463;0.633000016212463;0.633000016212463;0.633000016212463;0.633000016212463;0.633000016212463;
8;12;0.226999998092651;0.226999998092651;0.226999998092651;0.226999998092651;0.226999998092651;0.226999998092651;0.226999998092651;0.226999998092651;0.226999998092651;Used jog ratio for teff to estimate container CF
8;104;1.057000041008;0.990000009536743;1.057000041008;1.04700005054474;1.09800004959106;1.057000041008;1.03299999237061;1.057000041008;1.07500004768372;
8;109;0.19200000166893;0.19200000166893;0.19200000166893;0.19200000166893;0.19200000166893;0.19200000166893;0.19200000166893;0.19200000166893;0.19200000166893;
8;115;71.3440017700195;61.1669998168945;65.5;63.1669998168945;77.5;71.3440017700195;79.8000030517578;71.3440017700195;71.3440017700195;
8;117;0.358999997377396;0.41499999165535;0.330000013113022;0.330000013113022;0.358999997377396;0.358999997377396;0.340000003576279;0.358999997377396;0.358999997377396;
8;119;71.3440017700195;61.1669998168945;65.5;63.1669998168945;77.5;71.3440017700195;79.8000030517578;71.3440017700195;71.3440017700195;
8;121;1.32599997520447;1.32599997520447;1.32599997520447;1.40499997138977;1.32599997520447;1.32599997520447;1.31700003147125;1.32599997520447;1.32599997520447;
8;122;0.0640000030398369;0.0920000001788139;0.0920000001788139;0.0920000001788139;0.0920000001788139;0.0920000001788139;0.0920000001788139;0.0920000001788139;0.0920000001788139;Used jog ratio for teff to estimate container CF
8;123;0.806999981403351;0.735000014305115;0.806999981403351;0.740000009536743;0.813000023365021;0.709999978542328;0.845000028610229;0.740000009536743;0.806999981403351;
9BIS;2;100;100;100;100;100;100;100;100;100;
10;1;1;1;1;1;1;1;1;1;1;
10;2;100;100;100;100;100;100;100;100;100;
10;5;0.560000002384186;0.560000002384186;0.560000002384186;0.560000002384186;0.560000002384186;0.560000002384186;0.560000002384186;0.560000002384186;0.560000002384186;
10;8;2.23000001907349;2.23000001907349;2.23000001907349;2.23000001907349;2.23000001907349;2.23000001907349;2.23000001907349;2.23000001907349;2.23000001907349;
11;1;1;1;1;1;1;1;1;1;1;
11;2;100;100;100;100;100;100;100;100;100;
11;4;25;25;25;25;25;25;25;25;25;
11;7;11.0729999542236;9.87199974060059;9.36499977111816;11.4119997024536;12.2819995880127;11.0729999542236;11.0729999542236;11.0729999542236;11.0729999542236;
11;9;36.7550010681152;32.6699981689453;28.3400001525879;34.9199981689453;34.9199981689453;34.9199981689453;34.9199981689453;34.9199981689453;34.9199981689453;
11;11;0.725000023841858;0.725000023841858;0.725000023841858;0.725000023841858;0.725000023841858;0.725000023841858;0.725000023841858;0.725000023841858;0.725000023841858;
11;12;0.224999994039536;0.224999994039536;0.224999994039536;0.224999994039536;0.219999998807907;0.224999994039536;0.230000004172325;0.224999994039536;0.224999994039536;
11;20;0.0900000035762787;0.0900000035762787;0.0900000035762787;0.0900000035762787;0.0900000035762787;0.0900000035762787;0.0900000035762787;0.0900000035762787;0.0900000035762787;
11;104;1.05400002002716;0.985000014305115;1.05400002002716;1.12800002098083;1.0349999666214;1.05400002002716;1.03600001335144;1.05400002002716;1.08200001716614;
11;109;0.181999996304512;0.181999996304512;0.181999996304512;0.181999996304512;0.181999996304512;0.181999996304512;0.181999996304512;0.181999996304512;0.181999996304512;
11;115;67.931999206543;60.5;62.8330001831055;61.75;60.75;67.931999206543;67.931999206543;67.931999206543;67.931999206543;
11;117;0.305999994277954;0.330000013113022;0.28999999165535;0.30799999833107;0.28999999165535;0.314999997615814;0.291999995708466;0.305999994277954;0.305999994277954;
11;119;67.931999206543;60.5;62.8330001831055;61.75;60.75;67.931999206543;67.931999206543;67.931999206543;67.931999206543;
11;121;1.41100001335144;1.41100001335144;1.41100001335144;1.41100001335144;1.41100001335144;1.41100001335144;1.41100001335144;1.41100001335144;1.41100001335144;Used jog ratio for teff to estimate container CF
11;122;0.0640000030398369;0.090999998152256;0.090999998152256;0.090999998152256;0.090999998152256;0.090999998152256;0.090999998152256;0.090999998152256;0.090999998152256;Used jog ratio for teff to estimate container CF
11;123;0.773000001907349;0.731000006198883;0.72299998998642;0.742999970912933;0.797999978065491;0.773000001907349;0.777999997138977;0.773000001907349;0.773000001907349;
12;1;1;1;1;1;1;1;1;1;1;
12;2;100;100;100;100;100;100;100;100;100;
12;7;10.8500003814697;10.8500003814697;10.8500003814697;10.8500003814697;10.8500003814697;10.8500003814697;10.8500003814697;10.8500003814697;10.8500003814697;Used jog ratio for teff to estimate container CF
12;9;36.7550010681152;49.4290008544922;49.4290008544922;49.4290008544922;49.4290008544922;49.4290008544922;49.4290008544922;49.4290008544922;49.4290008544922;Used jog ratio for teff to estimate container CF
12;11;0.541000008583069;0.541000008583069;0.541000008583069;0.541000008583069;0.541000008583069;0.541000008583069;0.541000008583069;0.541000008583069;0.541000008583069;Used jog ratio for teff to estimate container CF
12;12;0.238000005483627;0.238000005483627;0.238000005483627;0.238000005483627;0.230000004172325;0.238000005483627;0.245000004768372;0.238000005483627;0.238000005483627;
12;104;1.00899994373322;1.00899994373322;1.00899994373322;1.00899994373322;1.05799996852875;1.00899994373322;0.943000018596649;1.00899994373322;1.05999994277954;
12;109;0.19200000166893;0.19200000166893;0.19200000166893;0.19200000166893;0.19200000166893;0.19200000166893;0.19200000166893;0.19200000166893;0.19200000166893;
12;115;95;95;95;95;95;100;93.3330001831055;95;95;
12;117;0.342999994754791;0.342999994754791;0.340000003576279;0.321999996900558;0.342999994754791;0.342999994754791;0.351000010967255;0.342999994754791;0.342999994754791;
12;119;95;95;95;95;95;100;93.3330001831055;95;95;
12;121;1.35099995136261;1.35099995136261;1.35099995136261;1.35099995136261;1.35099995136261;1.35099995136261;1.35099995136261;1.35099995136261;1.35099995136261;Used jog ratio for teff to estimate container CF
12;122;0.0640000030398369;0.0879999995231628;0.0879999995231628;0.0879999995231628;0.0879999995231628;0.0879999995231628;0.0879999995231628;0.0879999995231628;0.0879999995231628;Used jog ratio for teff to estimate container CF
12;123;0.785000026226044;0.785000026226044;0.785000026226044;0.785000026226044;0.790000021457672;0.785000026226044;0.76800000667572;0.785000026226044;0.935000002384186;
13;1;1;1;1;1;1;1;1;1;1;
13;2;100;100;100;100;100;100;100;100;100;
13;4;30;30;30;30;30;30;30;30;30;
13;7;11.585000038147;11.3929996490479;9.44999980926514;12.3020000457764;10;11.585000038147;11.585000038147;11.585000038147;11.585000038147;
13;9;36.7550010681152;58;62.5;67;62.5;62.5;62.5;62.5;62.5;
13;11;0.714999973773956;0.714999973773956;0.714999973773956;0.714999973773956;0.714999973773956;0.714999973773956;0.714999973773956;0.714999973773956;0.714999973773956;
13;12;0.219999998807907;0.219999998807907;0.219999998807907;0.219999998807907;0.219999998807907;0.219999998807907;0.219999998807907;0.219999998807907;0.219999998807907;
13;20;0.0799999982118607;0.0799999982118607;0.0799999982118607;0.0799999982118607;0.0799999982118607;0.0799999982118607;0.0799999982118607;0.0799999982118607;0.0799999982118607;
13;104;1.0349999666214;0.990000009536743;1.0349999666214;1.04999995231628;1.08000004291534;1.0349999666214;1.02400004863739;1.0349999666214;1.01999998092651;
13;109;0.25;0.25;0.25;0.25;0.25;0.25;0.25;0.25;0.25;
13;115;66.9140014648438;65.9290008544922;63;60.5629997253418;75.3570022583008;66.9140014648438;69.5;66.9140014648438;66.9140014648438;
13;117;0.388000011444092;0.372999995946884;0.324999988079071;0.314999997615814;0.388000011444092;0.388000011444092;0.405000001192093;0.388000011444092;0.388000011444092;
13;119;66.9140014648438;65.9290008544922;63;60.5629997253418;75.3570022583008;66.9140014648438;69.5;66.9140014648438;66.9140014648438;
13;121;1.46399998664856;1.46399998664856;1.46399998664856;1.53999996185303;1.46399998664856;1.46399998664856;1.432000041008;1.46399998664856;1.46399998664856;
13;122;0.0640000030398369;0.0900000035762787;0.0900000035762787;0.0900000035762787;0.0900000035762787;0.0900000035762787;0.0900000035762787;0.0900000035762787;0.0900000035762787;Used jog ratio for teff to estimate container CF
13;123;0.781000018119812;0.75;0.781000018119812;0.739000022411346;0.748000025749207;0.781000018119812;0.797999978065491;0.781000018119812;0.920000016689301;
14;1;1;1;1;1;1;1;1;1;1;
14;2;100;100;100;100;100;100;100;100;100;
14;7;11.701000213623;10.2749996185303;10.5699996948242;12.7670001983643;11.701000213623;11.701000213623;11.701000213623;11.701000213623;11.701000213623;
14;9;36.7550010681152;36.6500015258789;38.6500015258789;38.6500015258789;38.6500015258789;38.6500015258789;38.6500015258789;38.6500015258789;38.6500015258789;
14;11;0.714999973773956;0.714999973773956;0.714999973773956;0.714999973773956;0.714999973773956;0.714999973773956;0.714999973773956;0.714999973773956;0.714999973773956;
14;12;0.234999999403954;0.234999999403954;0.234999999403954;0.234999999403954;0.234999999403954;0.234999999403954;0.234999999403954;0.234999999403954;0.234999999403954;
14;104;1.07700002193451;0.990000009536743;1.07700002193451;1.07200002670288;1.125;1.07700002193451;1.05299997329712;1.07700002193451;1.20000004768372;
14;109;0.185000002384186;0.185000002384186;0.185000002384186;0.185000002384186;0.185000002384186;0.185000002384186;0.185000002384186;0.185000002384186;0.185000002384186;
14;115;65.5709991455078;66.9000015258789;68.6669998168945;63.0999984741211;62;65.5709991455078;65.5709991455078;65.5709991455078;65.5709991455078;
14;117;0.375;0.375;0.375;0.375;0.375;0.375;0.375;0.375;0.375;Used jog ratio for teff to estimate container CF
14;119;65.5709991455078;66.9000015258789;68.6669998168945;63.0999984741211;62;65.5709991455078;65.5709991455078;65.5709991455078;65.5709991455078;
14;121;1.44200003147125;1.44200003147125;1.44200003147125;1.44200003147125;1.44200003147125;1.44200003147125;1.44200003147125;1.44200003147125;1.44200003147125;Used jog ratio for teff to estimate container CF
14;122;0.0640000030398369;0.0930000022053719;0.0930000022053719;0.0930000022053719;0.0930000022053719;0.0930000022053719;0.0930000022053719;0.0930000022053719;0.0930000022053719;Used jog ratio for teff to estimate container CF
14;123;0.925000011920929;0.779999971389771;0.925000011920929;0.848999977111816;0.819999992847443;0.925000011920929;0.984000027179718;0.925000011920929;0.998000025749207;
15;1;1;1;1;1;1;1;1;1;1;
15;2;100;100;100;100;100;100;100;100;100;
15;4;25.7299995422363;25.7299995422363;25.7299995422363;25.7299995422363;25.7299995422363;25.7299995422363;25.7299995422363;25.7299995422363;25.7299995422363;
15;7;11.0659999847412;9.91699981689453;9.80500030517578;11.8889999389648;11.4799995422363;11.0659999847412;11.0659999847412;11.0659999847412;11.0659999847412;
15;9;36.7550010681152;60.6669998168945;60.6669998168945;70.5;60.6669998168945;60.6669998168945;60.6669998168945;60.6669998168945;60.6669998168945;
15;11;0.566999971866608;0.566999971866608;0.566999971866608;0.566999971866608;0.566999971866608;0.566999971866608;0.566999971866608;0.566999971866608;0.566999971866608;Used jog ratio for teff to estimate container CF
15;12;0.226999998092651;0.226999998092651;0.226999998092651;0.226999998092651;0.224999994039536;0.226999998092651;0.230000004172325;0.226999998092651;0.226999998092651;
15;20;0.0799999982118607;0.0799999982118607;0.0799999982118607;0.0799999982118607;0.0799999982118607;0.0799999982118607;0.0799999982118607;0.0799999982118607;0.0799999982118607;
15;104;1.05799996852875;0.995000004768372;1.05799996852875;1.18799996376038;0.985000014305115;1.05799996852875;1.02300000190735;1.05799996852875;1.06500005722046;
15;109;0.254999995231628;0.254999995231628;0.254999995231628;0.254999995231628;0.254999995231628;0.254999995231628;0.254999995231628;0.254999995231628;0.254999995231628;
15;115;69.2200012207031;63.25;64;58.8129997253418;77.0830001831055;69.2200012207031;69.2200012207031;79.5;69.2200012207031;
15;117;0.398999989032745;0.425000011920929;0.398999989032745;0.398999989032745;0.398999989032745;0.398999989032745;0.381000012159348;0.398999989032745;0.398999989032745;
15;119;69.2200012207031;63.25;64;58.8129997253418;77.0830001831055;69.2200012207031;69.2200012207031;79.5;69.2200012207031;
15;121;1.43099999427795;1.43099999427795;1.43099999427795;1.47699999809265;1.43099999427795;1.43099999427795;1.41700005531311;1.43099999427795;1.43099999427795;
15;122;0.0640000030398369;0.0920000001788139;0.0920000001788139;0.0920000001788139;0.0920000001788139;0.0920000001788139;0.0920000001788139;0.0920000001788139;0.0920000001788139;Used jog ratio for teff to estimate container CF
15;123;0.809000015258789;0.730000019073486;0.809000015258789;0.742999970912933;0.797999978065491;0.809000015258789;0.813000023365021;0.809000015258789;0.949999988079071;
16;1;1;1;1;1;1;1;1;1;1;
16;2;100;100;100;100;100;100;100;100;100;
16;4;25;25;25;25;25;25;25;25;25;
16;7;10.9630002975464;11.25;11.3900003433228;9.8730001449585;12.5150003433228;10.9630002975464;10.9630002975464;10.9630002975464;10.9630002975464;
16;9;36.7550010681152;53.1860008239746;53.1860008239746;53.1860008239746;53.1860008239746;53.1860008239746;53.1860008239746;53.1860008239746;53.1860008239746;Used jog ratio for teff to estimate container CF
16;10;0.200000002980232;0.200000002980232;0.200000002980232;0.200000002980232;0.200000002980232;0.200000002980232;0.200000002980232;0.200000002980232;0.200000002980232;
16;11;0.657999992370605;0.677999973297119;0.620000004768372;0.657999992370605;0.657999992370605;0.657999992370605;0.657999992370605;0.657999992370605;0.657999992370605;
16;12;0.266999989748001;0.266999989748001;0.266999989748001;0.266999989748001;0.245000004768372;0.266999989748001;0.28999999165535;0.266999989748001;0.266999989748001;
16;104;1.08599996566772;1.08599996566772;1.08599996566772;1.06500005722046;1.04499995708466;1.08599996566772;1.07000005245209;1.08599996566772;1.125;
16;109;0.189999997615814;0.189999997615814;0.189999997615814;0.189999997615814;0.189999997615814;0.189999997615814;0.189999997615814;0.189999997615814;0.189999997615814;
16;115;69.5559997558594;63.5;66.25;72.625;62;69.5559997558594;57.5;83.25;69.5559997558594;
16;117;0.377999991178513;0.377999991178513;0.377999991178513;0.377999991178513;0.377999991178513;0.377999991178513;0.377999991178513;0.377999991178513;0.377999991178513;Used jog ratio for teff to estimate container CF
16;119;69.5559997558594;63.5;66.25;72.625;62;69.5559997558594;57.5;83.25;69.5559997558594;
16;121;1.45299994945526;1.45299994945526;1.45299994945526;1.45299994945526;1.45299994945526;1.45299994945526;1.45299994945526;1.45299994945526;1.45299994945526;Used jog ratio for teff to estimate container CF
16;122;0.0640000030398369;0.0799999982118607;0.0799999982118607;0.0799999982118607;0.0799999982118607;0.0799999982118607;0.0799999982118607;0.0799999982118607;0.0799999982118607;
16;123;0.781000018119812;0.769999980926514;0.781000018119812;0.787000000476837;0.785000026226044;0.781000018119812;0.769999980926514;0.781000018119812;0.781000018119812;
17;1;1;1;1;1;1;1;1;1;1;
17;2;100;100;100;100;100;100;100;100;100;
18;1;1;1;1;1;1;1;1;1;1;
18;2;100;100;100;100;100;100;100;100;100;
19BIS;1;1;1;1;1;1;1;1;1;1;
19BIS;2;100;100;100;100;100;100;100;100;100;
19BIS;4;30;30;30;30;30;30;30;30;30;
19BIS;7;11.585000038147;11.3929996490479;9.44999980926514;12.3020000457764;10;11.585000038147;11.585000038147;11.585000038147;11.585000038147;
19BIS;9;36.7550010681152;58;62.5;67;62.5;62.5;62.5;62.5;62.5;
19BIS;11;0.714999973773956;0.714999973773956;0.714999973773956;0.714999973773956;0.714999973773956;0.714999973773956;0.714999973773956;0.714999973773956;0.714999973773956;
19BIS;12;0.219999998807907;0.219999998807907;0.219999998807907;0.219999998807907;0.219999998807907;0.219999998807907;0.219999998807907;0.219999998807907;0.219999998807907;
19BIS;20;0.0799999982118607;0.0799999982118607;0.0799999982118607;0.0799999982118607;0.0799999982118607;0.0799999982118607;0.0799999982118607;0.0799999982118607;0.0799999982118607;
19BIS;104;1.0349999666214;0.990000009536743;1.0349999666214;1.04999995231628;1.08000004291534;1.0349999666214;1.02400004863739;1.0349999666214;1.01999998092651;
19BIS;109;0.25;0.25;0.25;0.25;0.25;0.25;0.25;0.25;0.25;
19BIS;115;66.9140014648438;65.9290008544922;63;60.5629997253418;75.3570022583008;66.9140014648438;69.5;66.9140014648438;66.9140014648438;
19BIS;117;0.388000011444092;0.372999995946884;0.324999988079071;0.314999997615814;0.388000011444092;0.388000011444092;0.405000001192093;0.388000011444092;0.388000011444092;
19BIS;119;66.9140014648438;65.9290008544922;63;60.5629997253418;75.3570022583008;66.9140014648438;69.5;66.9140014648438;66.9140014648438;
19BIS;121;1.46399998664856;1.46399998664856;1.46399998664856;1.53999996185303;1.46399998664856;1.46399998664856;1.432000041008;1.46399998664856;1.46399998664856;
19BIS;122;0.0640000030398369;0.0900000035762787;0.0900000035762787;0.0900000035762787;0.0900000035762787;0.0900000035762787;0.0900000035762787;0.0900000035762787;0.0900000035762787;Used jog ratio for teff to estimate container CF
19BIS;123;0.781000018119812;0.75;0.781000018119812;0.739000022411346;0.748000025749207;0.781000018119812;0.797999978065491;0.781000018119812;0.920000016689301;
20;1;1;1;1;1;1;1;1;1;1;
23;1;1;1;1;1;1;1;1;1;1;
23;2;100;100;100;100;100;100;100;100;100;
23;7;6.40299987792969;6.40299987792969;6.40299987792969;6.40299987792969;6.40299987792969;6.40299987792969;6.40299987792969;6.40299987792969;6.40299987792969;
23;9;36.7550010681152;36;36;36;36;36;36;36;36;
23;10;0.0320000015199184;0.0320000015199184;0.0320000015199184;0.0320000015199184;0.0320000015199184;0.0320000015199184;0.0320000015199184;0.0320000015199184;0.0320000015199184;
23;11;0.455000013113022;0.455000013113022;0.455000013113022;0.455000013113022;0.455000013113022;0.455000013113022;0.455000013113022;0.455000013113022;0.455000013113022;Used jog ratio for teff to estimate container CF
23;12;0.197999998927116;0.197999998927116;0.197999998927116;0.197999998927116;0.194999992847443;0.197999998927116;0.200000002980232;0.197999998927116;0.197999998927116;
23;20;0.0900000035762787;0.0750000029802322;0.0750000029802322;0.0900000035762787;0.0900000035762787;0.0900000035762787;0.0900000035762787;0.0900000035762787;0.0900000035762787;
23;104;0.847000002861023;0.829999983310699;0.847000002861023;0.689999997615814;0.975000023841858;0.847000002861023;0.939999997615814;0.847000002861023;0.959999978542328;
23;109;0.177000001072884;0.177000001072884;0.177000001072884;0.177000001072884;0.177000001072884;0.177000001072884;0.177000001072884;0.177000001072884;0.177000001072884;
23;115;52.8330001831055;51;52.8330001831055;53.75;52.8330001831055;52.8330001831055;52.8330001831055;52.8330001831055;52.8330001831055;
23;117;0.294999986886978;0.294999986886978;0.294999986886978;0.294999986886978;0.294999986886978;0.294999986886978;0.294999986886978;0.294999986886978;0.294999986886978;Used jog ratio for teff to estimate container CF
23;119;52.8330001831055;51;52.8330001831055;53.75;52.8330001831055;52.8330001831055;52.8330001831055;52.8330001831055;52.8330001831055;
23;121;1.13399994373322;1.13399994373322;1.13399994373322;1.13399994373322;1.13399994373322;1.13399994373322;1.13399994373322;1.13399994373322;1.13399994373322;Used jog ratio for teff to estimate container CF
23;122;0.0640000030398369;0.0759999975562096;0.0900000035762787;0.0900000035762787;0.0740000009536743;0.0700000002980232;0.0700000002980232;0.0759999975562096;0.0759999975562096;
23;123;0.680999994277954;0.629999995231628;0.625;0.642000019550323;0.620000004768372;0.680999994277954;0.716000020503998;0.680999994277954;0.800000011920929;
24;1;1;1;1;1;1;1;1;1;1;
24;2;100;100;100;100;100;100;100;100;100;
24;7;4.6269998550415;4.6269998550415;4.6269998550415;4.6269998550415;4.6269998550415;4.6269998550415;4.6269998550415;4.6269998550415;4.6269998550415;Used large sini ratio for fenugreek to estimate container CF
24;9;36.7550010681152;26.0149993896484;26.0149993896484;26.0149993896484;26.0149993896484;26.0149993896484;26.0149993896484;26.0149993896484;26.0149993896484;Used large sini ratio for fenugreek to estimate container CF
24;11;0.328000009059906;0.328000009059906;0.328000009059906;0.328000009059906;0.328000009059906;0.328000009059906;0.328000009059906;0.328000009059906;0.328000009059906;Used large sini ratio for fenugreek to estimate container CF
24;12;0.14300000667572;0.14300000667572;0.14300000667572;0.14300000667572;0.14300000667572;0.14300000667572;0.14300000667572;0.14300000667572;0.14300000667572;Used large sini ratio for fenugreek to estimate container CF
24;104;0.611999988555908;0.611999988555908;0.611999988555908;0.611999988555908;0.611999988555908;0.611999988555908;0.611999988555908;0.611999988555908;0.611999988555908;Used large sini ratio for fenugreek to estimate container CF
24;109;0.128000006079674;0.128000006079674;0.128000006079674;0.128000006079674;0.128000006079674;0.128000006079674;0.128000006079674;0.128000006079674;0.128000006079674;Used large sini ratio for fenugreek to estimate container CF
24;115;36.5;36.5;36.5;36.5;36.5;36.5;36.5;36.5;36.5;
24;117;0.212999999523163;0.212999999523163;0.212999999523163;0.212999999523163;0.212999999523163;0.212999999523163;0.212999999523163;0.212999999523163;0.212999999523163;Used large sini ratio for fenugreek to estimate container CF
24;119;36.5;36.5;36.5;36.5;36.5;36.5;36.5;36.5;36.5;
24;121;0.819999992847443;0.819999992847443;0.819999992847443;0.819999992847443;0.819999992847443;0.819999992847443;0.819999992847443;0.819999992847443;0.819999992847443;Used large sini ratio for fenugreek to estimate container CF
24;122;0.0640000030398369;0.0549999997019768;0.0549999997019768;0.0549999997019768;0.0549999997019768;0.0549999997019768;0.0549999997019768;0.0549999997019768;0.0549999997019768;Used large sini ratio for fenugreek to estimate container CF
24;123;0.644999980926514;0.644999980926514;0.644999980926514;0.589999973773956;0.644999980926514;0.644999980926514;0.672999978065491;0.644999980926514;0.644999980926514;
25;1;1;1;1;1;1;1;1;1;1;
25;2;100;100;100;100;100;100;100;100;100;
25;4;31;31;31;31;31;31;31;31;31;
25;7;8.6540002822876;8.6540002822876;8.6540002822876;8.6540002822876;8.6540002822876;8.6540002822876;8.6540002822876;8.6540002822876;8.6540002822876;Used jog ratio for teff to estimate container CF
25;9;36.7550010681152;39.423999786377;39.423999786377;39.423999786377;39.423999786377;39.423999786377;39.423999786377;39.423999786377;39.423999786377;Used jog ratio for teff to estimate container CF
25;10;0.0320000015199184;0.0320000015199184;0.0320000015199184;0.0350000001490116;0.0299999993294477;0.0320000015199184;0.0320000015199184;0.0320000015199184;0.0320000015199184;
25;11;0.479999989271164;0.479999989271164;0.479999989271164;0.479999989271164;0.479999989271164;0.479999989271164;0.479999989271164;0.479999989271164;0.479999989271164;
25;12;0.170000001788139;0.170000001788139;0.170000001788139;0.170000001788139;0.170000001788139;0.170000001788139;0.170000001788139;0.170000001788139;0.170000001788139;
25;20;0.0820000022649765;0.0700000002980232;0.0700000002980232;0.0820000022649765;0.0820000022649765;0.0820000022649765;0.0820000022649765;0.0820000022649765;0.0820000022649765;
25;104;0.805000007152557;0.805000007152557;0.805000007152557;0.759999990463257;0.805000007152557;0.805000007152557;0.805000007152557;0.805000007152557;0.850000023841858;
25;109;0.180000007152557;0.180000007152557;0.180000007152557;0.180000007152557;0.180000007152557;0.180000007152557;0.180000007152557;0.180000007152557;0.180000007152557;Used jog ratio for teff to estimate container CF
25;115;64.1669998168945;57;64.1669998168945;67.75;64.1669998168945;64.1669998168945;64.1669998168945;64.1669998168945;64.1669998168945;
25;117;0.228000000119209;0.232999995350838;0.232999995350838;0.222000002861023;0.230000004172325;0.228000000119209;0.224999994039536;0.228000000119209;0.228000000119209;
25;119;64.1669998168945;57;64.1669998168945;67.75;64.1669998168945;64.1669998168945;64.1669998168945;64.1669998168945;64.1669998168945;
25;121;1.07799994945526;1.07799994945526;1.07799994945526;1.12800002098083;1.07799994945526;1.07799994945526;1.04499995708466;1.07799994945526;1.07799994945526;
25;122;0.0640000030398369;0.0719999969005585;0.0799999982118607;0.0799999982118607;0.068000003695488;0.0799999982118607;0.0599999986588955;0.0719999969005585;0.0719999969005585;
25;123;0.532999992370605;0.490000009536743;0.625;0.574999988079071;0.532999992370605;0.532999992370605;0.579999983310699;0.532999992370605;0.532999992370605;
26;1;1;1;1;1;1;1;1;1;1;
26;2;100;100;100;100;100;100;100;100;100;
26;7;5.86999988555908;5.86999988555908;5.86999988555908;5.86999988555908;5.86999988555908;5.86999988555908;5.86999988555908;5.86999988555908;5.86999988555908;
26;9;36.7550010681152;42.2400016784668;42.2400016784668;42.2400016784668;42.2400016784668;42.2400016784668;42.2400016784668;42.2400016784668;42.2400016784668;Used jog ratio for teff to estimate container CF
26;10;0.0350000001490116;0.0350000001490116;0.0350000001490116;0.0350000001490116;0.0350000001490116;0.0350000001490116;0.0350000001490116;0.0350000001490116;0.0350000001490116;
26;11;0.51800000667572;0.535000026226044;0.485000014305115;0.51800000667572;0.51800000667572;0.51800000667572;0.51800000667572;0.51800000667572;0.51800000667572;
26;12;0.197999998927116;0.197999998927116;0.197999998927116;0.197999998927116;0.185000002384186;0.197999998927116;0.204999998211861;0.197999998927116;0.197999998927116;
26;20;0.0869999974966049;0.0869999974966049;0.0869999974966049;0.0869999974966049;0.0869999974966049;0.0869999974966049;0.0869999974966049;0.0869999974966049;0.0869999974966049;
26;104;0.862999975681305;0.790000021457672;0.862999975681305;0.862999975681305;0.879999995231628;0.862999975681305;0.800000011920929;0.862999975681305;0.980000019073486;
26;109;0.207000002264977;0.207000002264977;0.207000002264977;0.207000002264977;0.230000004172325;0.207000002264977;0.194999992847443;0.207000002264977;0.207000002264977;
26;115;53;53;53;53;53;53;53;53;53;
26;117;0.300999999046326;0.300999999046326;0.300999999046326;0.300999999046326;0.300999999046326;0.300999999046326;0.300999999046326;0.300999999046326;0.300999999046326;Used jog ratio for teff to estimate container CF
26;119;53;53;53;53;53;53;53;53;53;
26;121;1.15900003910065;1.15900003910065;1.15900003910065;1.21000003814697;1.15900003910065;1.15900003910065;1.13900005817413;1.15900003910065;1.15900003910065;
26;122;0.0640000030398369;0.0970000028610229;0.0970000028610229;0.0970000028610229;0.0970000028610229;0.0970000028610229;0.0970000028610229;0.0970000028610229;0.0970000028610229;
26;123;0.515999972820282;0.416999995708466;0.515999972820282;0.515999972820282;0.592000007629395;0.515999972820282;0.515999972820282;0.515999972820282;0.419999986886978;
27;1;1;1;1;1;1;1;1;1;1;
27;2;100;100;100;100;100;100;100;100;100;
27;7;5.97300004959106;5.97300004959106;5.97300004959106;5.97300004959106;5.97300004959106;5.97300004959106;5.97300004959106;5.97300004959106;5.97300004959106;Used large sini ratio for fenugreek to estimate container CF
27;9;36.7550010681152;33.5820007324219;33.5820007324219;33.5820007324219;33.5820007324219;33.5820007324219;33.5820007324219;33.5820007324219;33.5820007324219;Used large sini ratio for fenugreek to estimate container CF
27;10;0.0399999991059303;0.0399999991059303;0.0399999991059303;0.0399999991059303;0.0399999991059303;0.0399999991059303;0.0399999991059303;0.0399999991059303;0.0399999991059303;
27;11;0.42399999499321;0.42399999499321;0.42399999499321;0.42399999499321;0.42399999499321;0.42399999499321;0.42399999499321;0.42399999499321;0.42399999499321;Used large sini ratio for fenugreek to estimate container CF
27;12;0.185000002384186;0.185000002384186;0.185000002384186;0.185000002384186;0.185000002384186;0.185000002384186;0.185000002384186;0.185000002384186;0.185000002384186;Used large sini ratio for fenugreek to estimate container CF
27;20;0.0820000022649765;0.0700000002980232;0.0700000002980232;0.0820000022649765;0.0820000022649765;0.0820000022649765;0.0820000022649765;0.0820000022649765;0.0820000022649765;
27;104;0.791000008583069;0.791000008583069;0.791000008583069;0.791000008583069;0.791000008583069;0.791000008583069;0.791000008583069;0.791000008583069;0.791000008583069;Used large sini ratio for fenugreek to estimate container CF
27;109;0.165000006556511;0.165000006556511;0.165000006556511;0.165000006556511;0.165000006556511;0.165000006556511;0.165000006556511;0.165000006556511;0.165000006556511;Used large sini ratio for fenugreek to estimate container CF
27;115;75.5;75.5;75.5;67;75.5;75.5;75.5;75.5;75.5;
27;117;0.275000005960464;0.275000005960464;0.275000005960464;0.275000005960464;0.275000005960464;0.275000005960464;0.275000005960464;0.275000005960464;0.275000005960464;Used large sini ratio for fenugreek to estimate container CF
27;119;75.5;75.5;75.5;67;75.5;75.5;75.5;75.5;75.5;
27;121;1.05799996852875;1.05799996852875;1.05799996852875;1.05799996852875;1.05799996852875;1.05799996852875;1.05799996852875;1.05799996852875;1.05799996852875;Used large sini ratio for fenugreek to estimate container CF
27;122;0.0640000030398369;0.0710000023245811;0.0850000008940697;0.0850000008940697;0.0750000029802322;0.0710000023245811;0.0710000023245811;0.0710000023245811;0.0710000023245811;
27;123;0.45100000500679;0.425000011920929;0.45100000500679;0.45100000500679;0.45100000500679;0.45100000500679;0.45100000500679;0.423000007867813;0.45100000500679;
28;1;1;1;1;1;1;1;1;1;1;
28;7;5.46299982070923;5.46299982070923;5.46299982070923;5.46299982070923;5.46299982070923;5.46299982070923;5.46299982070923;5.46299982070923;5.46299982070923;
28;9;36.7550010681152;30;30;30;30;30;30;30;30;
28;11;0.474999994039536;0.474999994039536;0.474999994039536;0.474999994039536;0.474999994039536;0.474999994039536;0.474999994039536;0.474999994039536;0.474999994039536;
28;12;0.170000001788139;0.170000001788139;0.170000001788139;0.170000001788139;0.170000001788139;0.170000001788139;0.170000001788139;0.170000001788139;0.170000001788139;
28;20;0.108000002801418;0.108000002801418;0.108000002801418;0.108000002801418;0.108000002801418;0.108000002801418;0.108000002801418;0.108000002801418;0.108000002801418;
28;104;0.773000001907349;0.773000001907349;0.773000001907349;0.785000026226044;0.773000001907349;0.773000001907349;0.759999990463257;0.773000001907349;0.773000001907349;
28;109;0.148000001907349;0.148000001907349;0.148000001907349;0.148000001907349;0.148000001907349;0.148000001907349;0.148000001907349;0.148000001907349;0.148000001907349;
28;115;42;42;42;42;42;42;42;42;42;
28;117;0.268999993801117;0.268999993801117;0.268999993801117;0.268999993801117;0.268999993801117;0.268999993801117;0.268999993801117;0.268999993801117;0.268999993801117;Used jog ratio for teff to estimate container CF
28;119;42;42;42;42;42;42;42;42;42;
28;121;0.972000002861023;0.972000002861023;0.972000002861023;0.967000007629395;0.972000002861023;0.972000002861023;0.975000023841858;0.972000002861023;0.972000002861023;
28;122;0.0640000030398369;0.0719999969005585;0.0850000008940697;0.0850000008940697;0.0719999969005585;0.0719999969005585;0.0599999986588955;0.0719999969005585;0.0719999969005585;
28;123;0.541000008583069;0.523000001907349;0.504999995231628;0.584999978542328;0.541000008583069;0.541000008583069;0.540000021457672;0.541000008583069;0.485000014305115;
31;1;1;1;1;1;1;1;1;1;1;
32;1;1;1;1;1;1;1;1;1;1;
33;1;1;1;1;1;1;1;1;1;1;
33;2;100;100;100;100;100;100;100;100;100;
36;1;1;1;1;1;1;1;1;1;1;
36;7;8.31999969482422;8.31999969482422;7.8899998664856;8.53499984741211;8.31999969482422;8.31999969482422;8.31999969482422;8.31999969482422;8.31999969482422;
36;9;36.7550010681152;53.6259994506836;53.6259994506836;53.6259994506836;53.6259994506836;53.6259994506836;53.6259994506836;53.6259994506836;53.6259994506836;Used jog ratio for teff to estimate container CF
36;10;0.0329999998211861;0.0329999998211861;0.0329999998211861;0.0329999998211861;0.0299999993294477;0.0329999998211861;0.0370000004768372;0.0329999998211861;0.0329999998211861;
36;11;0.709999978542328;0.709999978542328;0.709999978542328;0.709999978542328;0.709999978542328;0.709999978542328;0.709999978542328;0.709999978542328;0.709999978542328;
36;12;0.219999998807907;0.219999998807907;0.219999998807907;0.219999998807907;0.219999998807907;0.219999998807907;0.219999998807907;0.219999998807907;0.219999998807907;
36;20;0.115000002086163;0.115000002086163;0.115000002086163;0.115000002086163;0.115000002086163;0.115000002086163;0.115000002086163;0.115000002086163;0.115000002086163;
36;104;1.09500002861023;1.09500002861023;1.09500002861023;1.13999998569489;0.964999973773956;1.09500002861023;1.09500002861023;1.09500002861023;1.17999994754791;
36;109;0.206000000238419;0.206000000238419;0.206000000238419;0.206000000238419;0.206000000238419;0.206000000238419;0.187999993562698;0.206000000238419;0.206000000238419;
36;115;58.6669998168945;56;58.6669998168945;59;61;58.6669998168945;58.6669998168945;58.6669998168945;58.6669998168945;
36;117;0.29899999499321;0.310000002384186;0.296999990940094;0.300000011920929;0.29899999499321;0.29899999499321;0.28999999165535;0.29899999499321;0.29899999499321;
36;119;58.6669998168945;56;58.6669998168945;59;61;58.6669998168945;58.6669998168945;58.6669998168945;58.6669998168945;
36;121;1.4650000333786;1.4650000333786;1.4650000333786;1.4650000333786;1.4650000333786;1.4650000333786;1.4650000333786;1.4650000333786;1.4650000333786;Used jog ratio for teff to estimate container CF
36;122;0.0640000030398369;0.0949999988079071;0.0949999988079071;0.112000003457069;0.090999998152256;0.0799999982118607;0.0810000002384186;0.0949999988079071;0.0949999988079071;
36;123;0.565999984741211;0.565999984741211;0.565999984741211;0.565999984741211;0.675000011920929;0.565999984741211;0.565999984741211;0.565999984741211;0.565999984741211;
36;127;0.0199999995529652;0.0199999995529652;0.0199999995529652;0.0199999995529652;0.0199999995529652;0.0199999995529652;0.0199999995529652;0.0199999995529652;0.0199999995529652;
37;1;1;1;1;1;1;1;1;1;1;
37;2;100;100;100;100;100;100;100;100;100;
37;4;5.5;5.5;5.5;5.5;5.5;5.5;5.5;5.5;5.5;
37;7;6.15000009536743;6.15000009536743;6.15000009536743;6.15000009536743;6.15000009536743;6.15000009536743;6.15000009536743;6.15000009536743;6.15000009536743;
37;123;0.409999996423721;0.409999996423721;0.409999996423721;0.409999996423721;0.409999996423721;0.409999996423721;0.409999996423721;0.409999996423721;0.409999996423721;
38;1;1;1;1;1;1;1;1;1;1;
38;2;100;100;100;100;100;100;100;100;100;
38;4;2.13000011444092;2.13000011444092;2.13000011444092;2.13000011444092;2.13000011444092;2.13000011444092;2.13000011444092;2.13000011444092;2.13000011444092;
38;7;1.10199999809265;1.10199999809265;1.10199999809265;0.939999997615814;1.26499998569489;1.10199999809265;1.10199999809265;1.10199999809265;1.10199999809265;
38;8;0.0199999995529652;0.0199999995529652;0.0199999995529652;0.0199999995529652;0.0199999995529652;0.0199999995529652;0.0199999995529652;0.0199999995529652;0.0199999995529652;
38;12;0.0350000001490116;0.0350000001490116;0.0350000001490116;0.0350000001490116;0.0350000001490116;0.0350000001490116;0.0350000001490116;0.0350000001490116;0.0350000001490116;
38;112;1.79999995231628;1.79999995231628;1.79999995231628;1.79999995231628;1.79999995231628;1.79999995231628;1.79999995231628;1.79999995231628;1.79999995231628;
38;115;29.1730003356934;25.875;32.5;28;30.5499992370605;29.1730003356934;29.1730003356934;29.1730003356934;32.5250015258789;
38;117;0.0769999995827675;0.0769999995827675;0.0769999995827675;0.0769999995827675;0.0750000029802322;0.0769999995827675;0.0780000016093254;0.0769999995827675;0.0769999995827675;
38;119;29.1730003356934;25.875;32.5;28;30.5499992370605;29.1730003356934;29.1730003356934;29.1730003356934;32.5250015258789;
38;121;0.247999995946884;0.247999995946884;0.247999995946884;0.247999995946884;0.247999995946884;0.247999995946884;0.247999995946884;0.247999995946884;0.247999995946884;
38;123;0.174999997019768;0.174999997019768;0.174999997019768;0.174999997019768;0.174999997019768;0.174999997019768;0.174999997019768;0.174999997019768;0.174999997019768;
39;1;1;1;1;1;1;1;1;1;1;
39;2;100;100;100;100;100;100;100;100;100;
40;1;1;1;1;1;1;1;1;1;1;
41;1;1;1;1;1;1;1;1;1;1;
42;1;1;1;1;1;1;1;1;1;1;
42;2;100;100;100;100;100;100;100;100;100;
42;3;0.899999976158142;0.899999976158142;0.899999976158142;0.899999976158142;0.899999976158142;0.899999976158142;0.899999976158142;0.899999976158142;0.899999976158142;
42;4;17.0480003356934;17.0480003356934;17.1830005645752;16.5769996643066;16.8999996185303;17.0480003356934;17.6949996948242;17.0480003356934;17.0480003356934;
42;5;0.0900000035762787;0.0900000035762787;0.0900000035762787;0.0900000035762787;0.0900000035762787;0.0900000035762787;0.0900000035762787;0.0900000035762787;0.0900000035762787;
42;7;41.9720001220703;42.6669998168945;45.6669998168945;39.0830001831055;38;41.9720001220703;41.9720001220703;41.9720001220703;45;
42;8;0.610000014305115;0.610000014305115;0.610000014305115;0.610000014305115;0.610000014305115;0.610000014305115;0.610000014305115;0.610000014305115;0.610000014305115;
42;101;16.2000007629395;16.2000007629395;16.2000007629395;16.2000007629395;16.2000007629395;16.2000007629395;16.2000007629395;16.2000007629395;16.2000007629395;
42;110;17.5;17.5;17.5;17.5;17.5;17.5;17.5;17.5;17.5;
42;112;3.15799999237061;3.15799999237061;3.15799999237061;3.15799999237061;3.15799999237061;3.15799999237061;3.15799999237061;3.15799999237061;3.15799999237061;Used zenbile ratio for mangos to estimate container CF
42;125;8.97500038146973;8.97500038146973;8.97500038146973;8.97500038146973;8.97500038146973;8.97500038146973;8.97500038146973;8.97500038146973;8.97500038146973;
42;127;12.0450000762939;12.0450000762939;12.0450000762939;12.0450000762939;12.0450000762939;12.0450000762939;12.0450000762939;12.0450000762939;12.0450000762939;
44;1;1;1;1;1;1;1;1;1;1;
44;2;100;100;100;100;100;100;100;100;100;
44;4;14.9429998397827;14.9429998397827;14.9429998397827;14.9429998397827;14.9429998397827;14.9429998397827;14.9429998397827;14.9429998397827;14.9429998397827;
44;5;0.0299999993294477;0.0299999993294477;0.0299999993294477;0.0299999993294477;0.0299999993294477;0.0299999993294477;0.0299999993294477;0.0299999993294477;0.0299999993294477;
44;112;4.29500007629395;4.29500007629395;4.29500007629395;4.29500007629395;4.29500007629395;4.29500007629395;4.29500007629395;4.29500007629395;4.29500007629395;
44;115;56;56;56;56;56;56;56;56;56;
44;119;56;56;56;56;56;56;56;56;56;
44;125;11.2749996185303;11.2749996185303;11.2749996185303;11.2749996185303;11.2749996185303;11.2749996185303;11.2749996185303;11.2749996185303;11.2749996185303;
45;1;1;1;1;1;1;1;1;1;1;
46;1;1;1;1;1;1;1;1;1;1;
46;2;100;100;100;100;100;100;100;100;100;
46;4;23.451000213623;23.451000213623;23.451000213623;23.451000213623;22.375;20.6200008392334;24.1019992828369;23.451000213623;23.451000213623;
46;5;0.379999995231628;0.379999995231628;0.379999995231628;0.379999995231628;0.379999995231628;0.379999995231628;0.379999995231628;0.379999995231628;0.379999995231628;
46;7;51.8479995727539;52.5830001831055;51.1669998168945;55.5830001831055;51.8479995727539;51.8479995727539;51.8479995727539;51.8479995727539;51.8479995727539;
46;8;1.02999997138977;1.02999997138977;1.02999997138977;1.02999997138977;1.02999997138977;1.02999997138977;1.02999997138977;1.02999997138977;1.02999997138977;
46;112;5.18200016021729;5.18200016021729;5.18200016021729;5.18200016021729;6.15500020980835;5.18200016021729;5.01999998092651;5.18200016021729;5.18200016021729;
46;115;55.0439987182617;55.0439987182617;55.0439987182617;55.0439987182617;57.810001373291;54.5999984741211;54;55.0439987182617;51;
46;119;55.0439987182617;55.0439987182617;55.0439987182617;55.0439987182617;57.810001373291;54.5999984741211;54;55.0439987182617;51;
46;121;17.8449993133545;17.8449993133545;17.8449993133545;17.8449993133545;17.8449993133545;17.8449993133545;17.8449993133545;17.8449993133545;17.8449993133545;
46;125;12.7360000610352;12.7360000610352;12.7360000610352;12.7360000610352;11.6479997634888;12.7360000610352;13.1709995269775;12.7360000610352;12.7360000610352;
46;127;13.6630001068115;13.6630001068115;13.6630001068115;13.6630001068115;14.5500001907349;12.7749996185303;13.6630001068115;13.6630001068115;13.6630001068115;
47;1;1;1;1;1;1;1;1;1;1;
47;2;100;100;100;100;100;100;100;100;100;
47;4;14.1750001907349;14.1750001907349;14.4499998092651;14.4499998092651;13.8100004196167;14.1750001907349;13.9899997711182;14.1750001907349;14.1750001907349;
47;5;0.300000011920929;0.300000011920929;0.300000011920929;0.300000011920929;0.300000011920929;0.300000011920929;0.300000011920929;0.300000011920929;0.300000011920929;
47;7;49.75;49.75;49.75;49.75;49.75;49.75;49.75;49.75;49.75;
47;8;0.730000019073486;0.730000019073486;0.730000019073486;0.730000019073486;0.730000019073486;0.730000019073486;0.730000019073486;0.730000019073486;0.730000019073486;
47;112;2.94000005722046;2.94000005722046;2.94000005722046;2.94000005722046;2.94000005722046;2.94000005722046;2.94000005722046;2.94000005722046;2.94000005722046;
47;115;49.9900016784668;45;50;49.9900016784668;49.9900016784668;49.9900016784668;49.9900016784668;49.9900016784668;49.8330001831055;
47;119;49.9900016784668;45;50;49.9900016784668;49.9900016784668;49.9900016784668;49.9900016784668;49.9900016784668;49.8330001831055;
47;121;12.9650001525879;12.9650001525879;12.9650001525879;12.9650001525879;12.9650001525879;12.9650001525879;12.9650001525879;12.9650001525879;12.9650001525879;
48;1;1;1;1;1;1;1;1;1;1;
48;2;100;100;100;100;100;100;100;100;100;
48;5;0.829999983310699;0.829999983310699;0.829999983310699;0.829999983310699;0.829999983310699;0.829999983310699;0.829999983310699;0.829999983310699;0.829999983310699;
48;7;59.1669998168945;56.5;56.5;64.5;59.1669998168945;59.1669998168945;59.1669998168945;59.1669998168945;59.1669998168945;
48;8;1.45000004768372;1.45000004768372;1.45000004768372;1.45000004768372;1.45000004768372;1.45000004768372;1.45000004768372;1.45000004768372;1.45000004768372;
48;121;14.3800001144409;14.3800001144409;14.3800001144409;14.3800001144409;14.3800001144409;14.3800001144409;14.3800001144409;14.3800001144409;14.3800001144409;
48;125;10.6700000762939;10.6700000762939;10.6700000762939;10.6700000762939;10.6700000762939;10.6700000762939;10.6700000762939;10.6700000762939;10.6700000762939;
49;1;1;1;1;1;1;1;1;1;1;
50;1;1;1;1;1;1;1;1;1;1;
51;1;1;1;1;1;1;1;1;1;1;
51;2;100;100;100;100;100;100;100;100;100;
51;5;0.310000002384186;0.310000002384186;0.310000002384186;0.310000002384186;0.310000002384186;0.310000002384186;0.310000002384186;0.310000002384186;0.310000002384186;
51;8;0.670000016689301;0.670000016689301;0.670000016689301;0.670000016689301;0.670000016689301;0.670000016689301;0.670000016689301;0.670000016689301;0.670000016689301;
52;1;1;1;1;1;1;1;1;1;1;
52;2;100;100;100;100;100;100;100;100;100;
52;5;2.9300000667572;2.9300000667572;2.9300000667572;2.9300000667572;2.9300000667572;2.9300000667572;2.9300000667572;2.9300000667572;2.9300000667572;
53;1;1;1;1;1;1;1;1;1;1;
53;5;0.0900000035762787;0.0900000035762787;0.0900000035762787;0.0900000035762787;0.0900000035762787;0.0900000035762787;0.0900000035762787;0.0900000035762787;0.0900000035762787;
53;8;0.610000014305115;0.610000014305115;0.610000014305115;0.610000014305115;0.610000014305115;0.610000014305115;0.610000014305115;0.610000014305115;0.610000014305115;
54;1;1;1;1;1;1;1;1;1;1;
55;1;1;1;1;1;1;1;1;1;1;
55;2;100;100;100;100;100;100;100;100;100;
55;7;5.85500001907349;5.85500001907349;5.6399998664856;5.92700004577637;5.85500001907349;5.85500001907349;5.85500001907349;5.85500001907349;5.85500001907349;
55;8;0.100000001490116;0.100000001490116;0.100000001490116;0.100000001490116;0.100000001490116;0.100000001490116;0.100000001490116;0.100000001490116;0.100000001490116;
55;11;0.879999995231628;0.879999995231628;0.879999995231628;0.879999995231628;0.879999995231628;0.879999995231628;0.879999995231628;0.879999995231628;0.879999995231628;
55;115;51.2000007629395;56;51.2000007629395;51.2000007629395;50;51.2000007629395;51.2000007629395;51.2000007629395;51.2000007629395;
55;117;0.200000002980232;0.200000002980232;0.200000002980232;0.200000002980232;0.200000002980232;0.200000002980232;0.200000002980232;0.200000002980232;0.200000002980232;
55;119;51.2000007629395;56;51.2000007629395;51.2000007629395;50;51.2000007629395;51.2000007629395;51.2000007629395;51.2000007629395;
55;121;1.0789999961853;1.0789999961853;1.0789999961853;1.0789999961853;1.0789999961853;1.0789999961853;1.00600004196167;1.0789999961853;1.0789999961853;
55;123;0.609000027179718;0.639999985694885;0.639999985694885;0.600000023841858;0.609000027179718;0.609000027179718;0.601999998092651;0.609000027179718;0.609000027179718;
56;1;1;1;1;1;1;1;1;1;1;
56;2;100;100;100;100;100;100;100;100;100;
56;11;0.870000004768372;0.870000004768372;0.870000004768372;0.870000004768372;0.870000004768372;0.870000004768372;0.870000004768372;0.870000004768372;0.870000004768372;
56;115;24.7530002593994;24.7530002593994;24.7530002593994;24.7530002593994;23.7350006103516;24.7530002593994;24.7530002593994;24.7530002593994;24.7530002593994;
56;119;24.7530002593994;24.7530002593994;24.7530002593994;24.7530002593994;23.7350006103516;24.7530002593994;24.7530002593994;24.7530002593994;24.7530002593994;
56;152;21.6599998474121;21.6599998474121;21.6599998474121;21.6599998474121;21.6599998474121;21.6599998474121;21.6599998474121;21.6599998474121;21.6599998474121;
58;1;1;1;1;1;1;1;1;1;1;
58;2;100;100;100;100;100;100;100;100;100;
58;4;10.75;10.75;10.75;10.75;10.75;10.75;10.75;10.75;10.75;
58;5;0.180000007152557;0.180000007152557;0.180000007152557;0.180000007152557;0.180000007152557;0.180000007152557;0.180000007152557;0.180000007152557;0.180000007152557;
58;7;52.5;52.5;53.5;48.5;52.5;52.5;54;50.5;52.5;
58;8;0.759999990463257;0.759999990463257;0.759999990463257;0.759999990463257;0.759999990463257;0.759999990463257;0.759999990463257;0.759999990463257;0.759999990463257;
58;11;0.910000026226044;0.910000026226044;0.910000026226044;0.910000026226044;0.910000026226044;0.910000026226044;0.910000026226044;0.910000026226044;0.910000026226044;
58;115;73.5709991455078;73.75;68.5;80;82;75;69.213996887207;73.5709991455078;73.5709991455078;
58;119;73.5709991455078;73.75;68.5;80;82;75;69.213996887207;73.5709991455078;73.5709991455078;
58;121;1.42200005054474;1.42200005054474;1.42200005054474;1.42200005054474;1.42200005054474;1.42200005054474;1.42200005054474;1.42200005054474;1.42200005054474;
58;123;1.37000000476837;1.37000000476837;1.37000000476837;1.37000000476837;1.37000000476837;1.37000000476837;1.37000000476837;1.37000000476837;1.37000000476837;
59;1;1;1;1;1;1;1;1;1;1;
59;2;100;100;100;100;100;100;100;100;100;
59;4;11.75;11.75;11.75;11.75;11.75;11.75;11.75;11.75;11.75;
59;5;0.0149999996647239;0.0149999996647239;0.0149999996647239;0.0149999996647239;0.0149999996647239;0.0149999996647239;0.0149999996647239;0.0149999996647239;0.0149999996647239;
59;7;3.36500000953674;3.36500000953674;3.36500000953674;3.36500000953674;3.36500000953674;3.36500000953674;3.36500000953674;3.36500000953674;3.36500000953674;Used large sini ratio for fenugreek to estimate container CF
59;8;0.159999996423721;0.159999996423721;0.159999996423721;0.159999996423721;0.159999996423721;0.159999996423721;0.159999996423721;0.159999996423721;0.159999996423721;
59;9;36.7550010681152;18.9200000762939;18.9200000762939;18.9200000762939;18.9200000762939;18.9200000762939;18.9200000762939;18.9200000762939;18.9200000762939;Used large sini ratio for fenugreek to estimate container CF
59;11;0.238999992609024;0.238999992609024;0.238999992609024;0.238999992609024;0.238999992609024;0.238999992609024;0.238999992609024;0.238999992609024;0.238999992609024;Used large sini ratio for fenugreek to estimate container CF
59;12;0.104000002145767;0.104000002145767;0.104000002145767;0.104000002145767;0.104000002145767;0.104000002145767;0.104000002145767;0.104000002145767;0.104000002145767;Used large sini ratio for fenugreek to estimate container CF
59;104;0.455000013113022;0.455000013113022;0.455000013113022;0.455000013113022;0.455000013113022;0.455000013113022;0.455000013113022;0.455000013113022;0.455000013113022;
59;109;0.0930000022053719;0.0930000022053719;0.0930000022053719;0.0930000022053719;0.0930000022053719;0.0930000022053719;0.0930000022053719;0.0930000022053719;0.0930000022053719;Used large sini ratio for fenugreek to estimate container CF
59;112;3.19099998474121;3.33800005912781;3.33800005912781;3.19099998474121;3.14599990844727;3.19099998474121;3.0699999332428;3.19099998474121;3.19099998474121;
59;115;33.2709999084473;33.2709999084473;33.2709999084473;30.8050003051758;32.0250015258789;33.2709999084473;31.3850002288818;33.2709999084473;33.2709999084473;
59;117;0.155000001192093;0.155000001192093;0.155000001192093;0.155000001192093;0.155000001192093;0.155000001192093;0.155000001192093;0.155000001192093;0.155000001192093;Used large sini ratio for fenugreek to estimate container CF
59;119;33.2709999084473;33.2709999084473;33.2709999084473;30.8050003051758;32.0250015258789;33.2709999084473;31.3850002288818;33.2709999084473;33.2709999084473;
59;121;0.596000015735626;0.596000015735626;0.596000015735626;0.596000015735626;0.596000015735626;0.596000015735626;0.596000015735626;0.596000015735626;0.596000015735626;Used large sini ratio for fenugreek to estimate container CF
59;122;0.0640000030398369;0.0399999991059303;0.0399999991059303;0.0399999991059303;0.0399999991059303;0.0399999991059303;0.0399999991059303;0.0399999991059303;0.0399999991059303;Used large sini ratio for fenugreek to estimate container CF
59;123;0.354999989271164;0.354999989271164;0.354999989271164;0.349999994039536;0.354999989271164;0.354999989271164;0.356000006198883;0.354999989271164;0.354999989271164;
59;125;5.48000001907349;5.48000001907349;5.48000001907349;5.48000001907349;5.48000001907349;5.48000001907349;5.48000001907349;5.48000001907349;5.48000001907349;
60;1;1;1;1;1;1;1;1;1;1;
60;2;100;100;100;100;100;100;100;100;100;
60;4;17.0849990844727;17.0849990844727;17.0849990844727;17.0849990844727;18.2250003814697;17.0849990844727;15.9449996948242;17.0849990844727;17.0849990844727;
60;5;0.219999998807907;0.219999998807907;0.219999998807907;0.219999998807907;0.219999998807907;0.219999998807907;0.219999998807907;0.219999998807907;0.219999998807907;
60;7;8.89299964904785;9.75;9.75;7.17999982833862;8.89299964904785;8.89299964904785;8.89299964904785;8.89299964904785;8.89299964904785;
60;8;0.600000023841858;0.600000023841858;0.600000023841858;0.600000023841858;0.600000023841858;0.600000023841858;0.600000023841858;0.600000023841858;0.600000023841858;
60;9;36.7550010681152;48.484001159668;48.484001159668;48.484001159668;48.484001159668;48.484001159668;48.484001159668;48.484001159668;48.484001159668;Used jog ratio for teff to estimate container CF
60;104;0.990000009536743;0.990000009536743;0.990000009536743;0.990000009536743;0.990000009536743;0.990000009536743;0.990000009536743;0.990000009536743;0.990000009536743;
60;115;65.1460037231445;66.6669998168945;70.5;67.4169998168945;69.0319976806641;65.1460037231445;57.1319999694824;65.1460037231445;65.1460037231445;
60;119;65.1460037231445;66.6669998168945;70.5;67.4169998168945;69.0319976806641;65.1460037231445;57.1319999694824;65.1460037231445;65.1460037231445;
60;121;1.32500004768372;1.32500004768372;1.32500004768372;1.32500004768372;1.32500004768372;1.32500004768372;1.32500004768372;1.32500004768372;1.32500004768372;Used jog ratio for teff to estimate container CF
60;123;0.794000029563904;0.794000029563904;0.794000029563904;0.794000029563904;0.794000029563904;0.794000029563904;0.794000029563904;0.794000029563904;0.794000029563904;Used jog ratio for teff to estimate container CF
60;125;11.8500003814697;11.8500003814697;11.8500003814697;11.8500003814697;11.8500003814697;11.8500003814697;11.8500003814697;11.8500003814697;11.8500003814697;
61;1;1;1;1;1;1;1;1;1;1;
61;2;100;100;100;100;100;100;100;100;100;
61;5;5.05999994277954;5.05999994277954;5.05999994277954;5.05999994277954;5.05999994277954;5.05999994277954;5.05999994277954;5.05999994277954;5.05999994277954;
62;1;1;1;1;1;1;1;1;1;1;
62;2;100;100;100;100;100;100;100;100;100;
62;4;17.0849990844727;17.0849990844727;17.0849990844727;17.0849990844727;18.2250003814697;17.0849990844727;15.9449996948242;17.0849990844727;17.0849990844727;Used potato conversions
62;5;0.569999992847443;0.569999992847443;0.569999992847443;0.569999992847443;0.569999992847443;0.569999992847443;0.569999992847443;0.569999992847443;0.569999992847443;
62;7;8.89299964904785;9.75;9.75;7.17999982833862;8.89299964904785;8.89299964904785;8.89299964904785;8.89299964904785;8.89299964904785;Used potato conversions
62;8;2.67000007629395;2.67000007629395;2.67000007629395;2.67000007629395;2.67000007629395;2.67000007629395;2.67000007629395;2.67000007629395;2.67000007629395;
62;115;65.1460037231445;66.6669998168945;70.5;67.4169998168945;69.0319976806641;65.1460037231445;57.1319999694824;65.1460037231445;65.1460037231445;Used potato conversions
62;119;65.1460037231445;66.6669998168945;70.5;67.4169998168945;69.0319976806641;65.1460037231445;57.1319999694824;65.1460037231445;65.1460037231445;Used potato conversions
62;125;16.0769996643066;16.0769996643066;16.0769996643066;16.0769996643066;16.0769996643066;16.0769996643066;16.0769996643066;16.0769996643066;16.0769996643066;
63;1;1;1;1;1;1;1;1;1;1;
63;2;100;100;100;100;100;100;100;100;100;
63;4;19.3169994354248;19.3169994354248;23.0499992370605;19.7080001831055;19.3169994354248;18.2000007629395;15.5249996185303;19.3169994354248;19.3169994354248;
63;5;0.200000002980232;0.200000002980232;0.200000002980232;0.200000002980232;0.200000002980232;0.200000002980232;0.200000002980232;0.200000002980232;0.200000002980232;
63;7;20.5;20.5;20.5;20.5;20.5;20.5;20.5;20.5;20.5;
63;8;0.610000014305115;0.610000014305115;0.610000014305115;0.610000014305115;0.610000014305115;0.610000014305115;0.610000014305115;0.610000014305115;0.610000014305115;
63;125;12.4949998855591;12.4949998855591;12.4949998855591;12.4949998855591;14.1400003433228;11.6719999313354;12.4949998855591;12.4949998855591;12.4949998855591;
63;127;13.8219995498657;13.7469997406006;13.8249998092651;13.8219995498657;13.8950004577637;13.8219995498657;13.8219995498657;13.8219995498657;13.8219995498657;
64;1;1;1;1;1;1;1;1;1;1;
64;2;100;100;100;100;100;100;100;100;100;
64;4;16.4349994659424;16.4349994659424;16.4349994659424;16.4349994659424;16.4349994659424;16.4349994659424;16.4349994659424;16.4349994659424;16.4349994659424;
64;5;0.629999995231628;0.629999995231628;0.629999995231628;0.629999995231628;0.629999995231628;0.629999995231628;0.629999995231628;0.629999995231628;0.629999995231628;
64;8;3.29999995231628;3.29999995231628;3.29999995231628;3.29999995231628;3.29999995231628;3.29999995231628;3.29999995231628;3.29999995231628;3.29999995231628;
64;115;67.4599990844727;67.4599990844727;67.4599990844727;67.4599990844727;67.4599990844727;67.4599990844727;67.4599990844727;67.4599990844727;67.4599990844727;
64;119;67.4599990844727;67.4599990844727;67.4599990844727;67.4599990844727;67.4599990844727;67.4599990844727;67.4599990844727;67.4599990844727;67.4599990844727;
64;121;1.6599999666214;1.6599999666214;1.6599999666214;1.6599999666214;1.6599999666214;1.6599999666214;1.6599999666214;1.6599999666214;1.6599999666214;
64;125;14.2620000839233;14.2620000839233;14.2620000839233;14.2620000839233;14.2620000839233;14.2620000839233;14.2620000839233;14.2620000839233;14.2620000839233;
65;1;1;1;1;1;1;1;1;1;1;
65;2;100;100;100;100;100;100;100;100;100;
65;4;19.257999420166;19.257999420166;19.257999420166;16.5;19.257999420166;19.257999420166;19.257999420166;19.257999420166;19.257999420166;
65;7;47.0610008239746;53.8330001831055;49.5;47.0610008239746;47.0610008239746;47.0610008239746;47.0610008239746;47.0610008239746;47.0610008239746;
65;125;9.17500019073486;9.17500019073486;9.17500019073486;9.17500019073486;9.17500019073486;9.17500019073486;9.17500019073486;9.17500019073486;9.17500019073486;
65;127;11.3000001907349;11.3000001907349;11.3000001907349;11.3000001907349;11.3000001907349;11.3000001907349;11.3000001907349;11.3000001907349;11.3000001907349;
66;1;1;1;1;1;1;1;1;1;1;
66;2;100;100;100;100;100;100;100;100;100;
69;1;1;1;1;1;1;1;1;1;1;
69;2;100;100;100;100;100;100;100;100;100;
69;11;1.5900000333786;1.5900000333786;1.5900000333786;1.5900000333786;1.5900000333786;1.5900000333786;1.5900000333786;1.5900000333786;1.5900000333786;
71;1;1;1;1;1;1;1;1;1;1;
71;2;100;100;100;100;100;100;100;100;100;
71;5;0.0199999995529652;0.0199999995529652;0.0199999995529652;0.0199999995529652;0.0199999995529652;0.0199999995529652;0.0199999995529652;0.0199999995529652;0.0199999995529652;
71;11;0.270000010728836;0.270000010728836;0.270000010728836;0.270000010728836;0.270000010728836;0.270000010728836;0.270000010728836;0.270000010728836;0.270000010728836;
71;29;0.810000002384186;0.810000002384186;0.810000002384186;0.810000002384186;0.810000002384186;0.810000002384186;0.810000002384186;0.810000002384186;0.810000002384186;
71;112;4.94999980926514;4.94999980926514;4.94999980926514;4.94999980926514;4.94999980926514;4.94999980926514;4.94999980926514;4.94999980926514;4.94999980926514;
71;115;24.5;24.5;24.5;24.5;24.5;24.5;24.5;24.5;24.5;
71;119;24.5;24.5;24.5;24.5;24.5;24.5;24.5;24.5;24.5;
71;126;0.270000010728836;0.270000010728836;0.270000010728836;0.270000010728836;0.270000010728836;0.270000010728836;0.270000010728836;0.270000010728836;0.270000010728836;
71;150;0.360000014305115;0.360000014305115;0.360000014305115;0.360000014305115;0.360000014305115;0.360000014305115;0.360000014305115;0.360000014305115;0.360000014305115;
72;1;1;1;1;1;1;1;1;1;1;
72;2;100;100;100;100;100;100;100;100;100;
72;7;10.9659996032715;10.9659996032715;10.9659996032715;10.9659996032715;10.9659996032715;10.9659996032715;10.9659996032715;10.9659996032715;10.9659996032715;Used jog ratio for teff to estimate container CF
72;9;36.7550010681152;49.9529991149902;49.9529991149902;49.9529991149902;49.9529991149902;49.9529991149902;49.9529991149902;49.9529991149902;49.9529991149902;Used jog ratio for teff to estimate container CF
72;10;0.0299999993294477;0.0299999993294477;0.0299999993294477;0.0299999993294477;0.0309999994933605;0.0299999993294477;0.0359999984502792;0.0299999993294477;0.0299999993294477;
72;11;0.270000010728836;0.270000010728836;0.270000010728836;0.270000010728836;0.270000010728836;0.270000010728836;0.270000010728836;0.270000010728836;0.270000010728836;
72;12;0.137999996542931;0.137999996542931;0.137999996542931;0.137999996542931;0.137999996542931;0.137999996542931;0.137999996542931;0.137999996542931;0.137999996542931;
72;20;0.0500000007450581;0.0500000007450581;0.0500000007450581;0.0500000007450581;0.0500000007450581;0.0500000007450581;0.0500000007450581;0.0500000007450581;0.0500000007450581;
72;104;1.01999998092651;1.01999998092651;1.01999998092651;1.01999998092651;1.01999998092651;1.01999998092651;1.01999998092651;1.01999998092651;1.01999998092651;
72;109;0.234999999403954;0.245000004768372;0.245000004768372;0.245000004768372;0.247999995946884;0.234999999403954;0.234999999403954;0.234999999403954;0.234999999403954;
72;115;50.125;50.125;50.125;50.125;49;50.125;51.25;50.125;50.125;
72;117;0.252000004053116;0.252000004053116;0.245000004768372;0.252000004053116;0.252000004053116;0.245000004768372;0.254000008106232;0.252000004053116;0.252000004053116;
72;119;50.125;50.125;50.125;50.125;49;50.125;51.25;50.125;50.125;
72;121;1.36500000953674;1.36500000953674;1.36500000953674;1.36500000953674;1.36500000953674;1.36500000953674;1.36500000953674;1.36500000953674;1.36500000953674;Used jog ratio for teff to estimate container CF
72;122;0.0640000030398369;0.108999997377396;0.108999997377396;0.0970000028610229;0.0890000015497208;0.108999997377396;0.108999997377396;0.100000001490116;0.108999997377396;
72;123;0.24099999666214;0.24099999666214;0.24099999666214;0.24099999666214;0.200000002980232;0.24099999666214;0.24099999666214;0.24099999666214;0.193000003695488;
73;1;1;1;1;1;1;1;1;1;1;
73;2;100;100;100;100;100;100;100;100;100;
74;1;1;1;1;1;1;1;1;1;1;
74;2;100;100;100;100;100;100;100;100;100;
74;4;34.0400009155273;34.0400009155273;34.0400009155273;34.0400009155273;34.0400009155273;34.0400009155273;34.0400009155273;34.0400009155273;34.0400009155273;
74;8;1.6599999666214;1.6599999666214;1.6599999666214;1.6599999666214;1.6599999666214;1.6599999666214;1.6599999666214;1.6599999666214;1.6599999666214;
74;11;6.125;6.125;6.125;6.125;6.125;6.125;6.125;6.125;6.125;
74;29;4.07000017166138;4.07000017166138;4.07000017166138;4.07000017166138;4.07000017166138;4.07000017166138;4.07000017166138;4.07000017166138;4.07000017166138;
74;103;31.4869995117188;31.4869995117188;31.4869995117188;31.4869995117188;31.4869995117188;31.4869995117188;31.4869995117188;31.4869995117188;31.4869995117188;
74;112;2.16499996185303;2.16499996185303;2.16499996185303;2.16499996185303;2.16499996185303;2.16499996185303;2.16499996185303;2.16499996185303;2.16499996185303;
75;1;1;1;1;1;1;1;1;1;1;
75;2;100;100;100;100;100;100;100;100;100;
75;8;0.589999973773956;0.589999973773956;0.589999973773956;0.589999973773956;0.589999973773956;0.589999973773956;0.589999973773956;0.589999973773956;0.589999973773956;
75;10;0.0399999991059303;0.0399999991059303;0.0399999991059303;0.0399999991059303;0.0399999991059303;0.0399999991059303;0.0399999991059303;0.0399999991059303;0.0399999991059303;
75;20;0.349999994039536;0.324999988079071;0.324999988079071;0.375;0.349999994039536;0.349999994039536;0.349999994039536;0.349999994039536;0.349999994039536;
75;112;4.19999980926514;4.19999980926514;4.19999980926514;4.19999980926514;4.19999980926514;4.19999980926514;4.19999980926514;4.19999980926514;4.19999980926514;
75;115;10.3489999771118;10.9750003814697;10.3489999771118;10.3489999771118;10.9580001831055;10.3489999771118;9.52600002288818;10.3489999771118;11.3850002288818;
75;117;0.0230000000447035;0.0230000000447035;0.0230000000447035;0.0230000000447035;0.0199999995529652;0.0230000000447035;0.0230000000447035;0.0230000000447035;0.0230000000447035;
75;119;10.3489999771118;10.9750003814697;10.3489999771118;10.3489999771118;10.9580001831055;10.3489999771118;9.52600002288818;10.3489999771118;11.3850002288818;
75;121;0.195999994874001;0.195999994874001;0.195999994874001;0.195999994874001;0.195999994874001;0.224999994039536;0.189999997615814;0.195999994874001;0.195999994874001;
75;123;0.144999995827675;0.144999995827675;0.144999995827675;0.144999995827675;0.144999995827675;0.144999995827675;0.144999995827675;0.144999995827675;0.144999995827675;
76;1;1;1;1;1;1;1;1;1;1;
76;5;2.58999991416931;2.58999991416931;2.58999991416931;2.58999991416931;2.58999991416931;2.58999991416931;2.58999991416931;2.58999991416931;2.58999991416931;
76;8;3.5;3.5;3.5;3.5;3.5;3.5;3.5;3.5;3.5;
76;11;3.5;3.5;3.5;3.5;3.5;3.5;3.5;3.5;3.5;
78;1;1;1;1;1;1;1;1;1;1;
78;2;100;100;100;100;100;100;100;100;100;
79;1;1;1;1;1;1;1;1;1;1;
79;7;2.82699990272522;2.82699990272522;2.8199999332428;2.82800006866455;2.82699990272522;2.82699990272522;2.82699990272522;2.82699990272522;2.82699990272522;
79;10;0.0149999996647239;0.0149999996647239;0.0149999996647239;0.0149999996647239;0.0179999992251396;0.0149999996647239;0.0120000001043081;0.0149999996647239;0.0149999996647239;
79;11;0.215000003576279;0.215000003576279;0.215000003576279;0.215000003576279;0.215000003576279;0.215000003576279;0.215000003576279;0.215000003576279;0.215000003576279;
79;12;0.0879999995231628;0.0879999995231628;0.0879999995231628;0.0879999995231628;0.0850000008940697;0.0879999995231628;0.0900000035762787;0.0879999995231628;0.0879999995231628;
79;20;0.0450000017881393;0.0450000017881393;0.0450000017881393;0.0450000017881393;0.0450000017881393;0.0450000017881393;0.0450000017881393;0.0450000017881393;0.0450000017881393;
79;115;33.5;33.5;33.5;33.5;33.5;33.5;33.5;33.5;33.5;
79;117;0.118000000715256;0.104999996721745;0.104999996721745;0.108000002801418;0.118000000715256;0.118000000715256;0.125;0.118000000715256;0.118000000715256;
79;119;33.5;33.5;33.5;33.5;33.5;33.5;33.5;33.5;33.5;
79;121;0.564999997615814;0.564999997615814;0.564999997615814;0.564999997615814;0.564999997615814;0.564999997615814;0.564999997615814;0.564999997615814;0.564999997615814;
79;122;0.0640000030398369;0.0390000008046627;0.0390000008046627;0.0399999991059303;0.0430000014603138;0.0399999991059303;0.0320000015199184;0.0390000008046627;0.0390000008046627;
81;1;1;1;1;1;1;1;1;1;1;
82;1;1;1;1;1;1;1;1;1;1;
84;1;1;1;1;1;1;1;1;1;1;
84;2;100;100;100;100;100;100;100;100;100;
84;4;18.8419990539551;18.8419990539551;18.8419990539551;18.8419990539551;17.2000007629395;20.7000007629395;18.7700004577637;18.8419990539551;18.8419990539551;
84;5;0.159999996423721;0.159999996423721;0.159999996423721;0.159999996423721;0.159999996423721;0.159999996423721;0.159999996423721;0.159999996423721;0.159999996423721;
84;7;54.5;54.5;54;54.6669998168945;54.5;54.5;54.5;54.5;54.5;
84;8;0.649999976158142;0.649999976158142;0.649999976158142;0.649999976158142;0.649999976158142;0.649999976158142;0.649999976158142;0.649999976158142;0.649999976158142;
84;112;4.31699991226196;4.31699991226196;4.31699991226196;4.31699991226196;5.01999998092651;4.31699991226196;4.21600008010864;4.31699991226196;4.31699991226196;
84;115;48.4169998168945;48.4169998168945;48.4169998168945;48.4169998168945;48.4169998168945;48.4169998168945;48.4169998168945;48.4169998168945;48.4169998168945;
84;119;48.4169998168945;48.4169998168945;48.4169998168945;48.4169998168945;48.4169998168945;48.4169998168945;48.4169998168945;48.4169998168945;48.4169998168945;
84;125;13.9259996414185;13.9259996414185;13.9259996414185;13.9259996414185;15;13.9259996414185;13.5679998397827;13.9259996414185;13.9259996414185;
84;127;11.5930004119873;11.5930004119873;11.5930004119873;11.5930004119873;12.4350004196167;10.75;11.5930004119873;11.5930004119873;11.5930004119873;
95;1;1;1;1;1;1;1;1;1;1;
95;2;100;100;100;100;100;100;100;100;100;
98;1;1;1;1;1;1;1;1;1;1;
98;2;100;100;100;100;100;100;100;100;100;
108;1;1;1;1;1;1;1;1;1;1;
115;1;1;1;1;1;1;1;1;1;1;
115;2;100;100;100;100;100;100;100;100;100;
116;1;1;1;1;1;1;1;1;1;1;
117;1;1;1;1;1;1;1;1;1;1;
117;2;100;100;100;100;100;100;100;100;100;
118;1;1;1;1;1;1;1;1;1;1;
118;2;100;100;100;100;100;100;100;100;100;
119;1;1;1;1;1;1;1;1;1;1;
120;1;1;1;1;1;1;1;1;1;1;
120;2;100;100;100;100;100;100;100;100;100;
123;1;1;1;1;1;1;1;1;1;1;
123;2;100;100;100;100;100;100;100;100;100;